Week,Team,Tasks,Res_Rate,Efficiency
10,South 1,11,72.72727273,131
10,South 2,14,87.5,64.21428571
10,West,18,73.68421053,49.53333333
11,South 1,18,61.11111111,21.1
11,South 2,16,82.35294118,32.92857143
11,West,12,83.33333333,27
12,South 1,46,67.39130435,54.53571429
12,South 2,33,82.85714286,174
12,West,25,48,40.8
13,South 1,27,59.25925926,28.875
13,South 2,20,61.9047619,103.8333333
13,West,23,69.56521739,54.75
14,South 1,10,90,38.66666667
14,South 2,9,100,47
14,West,3,57.14285714,48.25
